{"r2_score": 0.9053883481784046, "mae": 561.5414310908884}