{"r2_score": 0.9671809673309326, "mae": 336.8605299894222}