{"r2_score": 0.9592840075492859, "mae": 354.9499480834227}